,SentimentText
0,cep telefonlarımızın kameraları her geçen gün gelişse de maalesef daha profesyonel ve sarsıntısız görüntüler için bir gimbal ihtiyacımız oluşabiliyor
1,bununla birlikte akıllı telefonlarımızla her yerde her an yanımızda kamera taşımadan çekim yapabiliyoruz
2,biz de bugün sizlere yapacağınız çekimler sırasında daha profesyonel görüntüler elde edebilmeniz için satın alabileceğiniz gimbal modellerini listeleyeceğiz
3,i̇şte karşınızda telefonlar için uygun fiyatlı gimbal modelleriaralarında günümüzde gördüğümüz telefonların ataları yer atıyor peki dünyanın en kötü telefonları listesinde kimler var neden kötüler cep telefonları kameraları neredeyse profesyonel kameralar kadar gelişse de halen en önemli sorunlardan birisi görüntü stabilizasyonu olarak karşımıza çıkıyor
4,birçok fotoğraf ve videoyu cep telefonumuzdan çektiğimiz şu günlerde daha profesyonel çekimler yapabilmek için gimbal ihtiyacımız da oluşabiliyor
5,bugün de sizlere akıllı telefonlar için uygun fiyatlı gimbal modellerini listeledik
6,i̇şte karşınızda uygun fiyatlı gimbal modelleri arasından en pahalıları ve en ucuzlarılistemizin en başında yer alan akıllı telefonlar için gimbal modelimiz dji osmo mobile oluyor
7,hem boyutuyla hem de yaptıklarıyla çıktığı ilk günden bu yana dikkat çeken gimbal listemizin en pahalı üyesi olsa da performansıyla dikkat çekiyor
8,dünyanın en küçük gimbal modelleri arasında yer alan osmo mobile 
9,saatlik bir şarj ile saat kullanım deneyimi sunuyor
10,ayrıca gram ağırlığa sahip cihaz hafifliğiyle de dikkat çekiyor
11,derece ile
12,derece arasında pan yapabilen cihaz 
13,ila
14,derecelik de rulo özelliği sunuyor
15,maksimum ila gram arasında cihaz taşıyabilme özelliğine sahip gimbal bluetooth
16,ile düşük enerji modunda çalışabiliyor
17,ayrıca dji mimo uygulaması ile de akıllı telefonunuz üzerinden gimbalın sunduğu birçok özelliğe erişebilirsiniz
18,uygulama ile birlikte activetrack
19,ve hyperlapse özellikleri de destekleniyor
20,ekstra olarak birçok gimbal modelinde olmayan bir özellik ise gimbal üzerindeki tuş fonksiyonlarını uygulama üzerinden değiştirebiliyorsunuz
21,katlanabilir yapısıyla da kolay taşınabilen osmo mobile tl fiyat etiketiyle de listemizin en pahalı fakat en işlevsel gimbal modeli olarak birinci sırada yer alıyor
22,teknolojik gelişmelerin insanlığa yön vereceğine inanan mustafa büyükçağlayan dijital pazarlama alanındaki çalışmalarını yıla yakın bir süredir devam ettiriyor
23,bilginin paylaştıkça çoğaldığına inandığı için bilişim ve teknoloji alanında makaleler yazıyor
24,yazarın diğer haberlerine ulaşmak için tıklayın
25, cep telefonları için uygun fiyatlı gimbal modelleri konulu haberimizde shiftdelete
26,net olarak sizlere cep telefonları için uygun fiyatlı gimbal modelleri ile ilgili son gelişmeleri aktarmak istedik
27,hemen yukarıda cep telefonları için uygun fiyatlı gimbal modelleri ile ilgili yorum ve görüşleri inceleyerek sizlerde yorum bırakabilirsiniz
